Title,Company,Location,Created,Description
Data Analyst,CRS Outsourcing PVT.LTD,"Delhi, India",2026-06-05T17:20:51Z,"Company Description CRS Outsourcing PVT. LTD. is a recruiting company. Team members work closely with domestic and international clients across diverse industries. CRS Outsourcing values integrity, collaboration, and continuous learning, and encourages employees to develop both technical and professional skills. Role Description This is a full-time, on-site Data Analyst role in Canada and Australia. The Data Analyst will collect, clean, and validate data from multiple sources to ensure accuracy…"
Data Analyst,Coforge,"Noida, Ghaziabad",2026-05-23T17:53:20Z,"Job Title: Data Analyst Skills: SQL, Python and Power BI/Tableau Experience: 2-4 years Location: Noida Notice Period: Only Immediate Joiners We at Coforge are hiring Data Analyst with the following skillset: 2 years in a data engineering / analytics role in a data services/product firm. ● Data modeling ability - knowledge of different data modeling concepts. ● Strong knowledge of SQL and ability to write complex SQL queries. ● Self-starter, curious, accountable with a strong work ethic able to …"
Data Analyst,Persistent Systems,India,2026-05-24T17:56:15Z,"About Position: The Data Analyst ensures business and clinical validation of BigID discovery and classification outcomes. Data Analyst supports Data Architect in understanding the data architecture, data flows, archival and deletion dependencies and prerequisites. Role: Data Analyst Location: All Persistent locations Experience: 5-8years Job Type: Full Time Employment What You'll Do: Validate sensitive data identification (PHI, PII) with business, compliance, and clinical stakeholders. Review c…"
Data Analyst,Idyllic Services,India,2026-06-04T16:47:41Z," Location: Pune / Bengaluru (Hybrid)  Experience: 6 Years  Employment Type: Full-Time About the Role We are seeking an experienced Data Analyst with strong expertise in Python, PySpark, and SQL to support large-scale data analytics initiatives within the Banking, Financial Services, and Insurance (BFSI) domain. The ideal candidate will possess strong analytical capabilities, hands-on experience working with complex datasets, and the ability to translate business requirements into actionable ins…"
Data Analyst,Varahe Analytics Pvt Ltd,"Noida, Ghaziabad",2026-05-20T07:26:29Z,"Job Description: Data Analyst - HR Department Location: Noida Experience: 1 to 2 Years About Varahe Analytics: Varahe Analytics is one of India’s premier integrated political consulting firms, specialising in building data-driven 360-degree election management. We help our clients with strategic advice and implementation, combining data-backed insights and in-depth ground intelligence into a holistic electoral campaign. We are passionate about our democracy and the politics that shape our world…"
Data Analyst,Alp Consulting Ltd.,India,2026-06-06T07:43:50Z,"Hi Applicants Looking out for a Job in a Reputed Organization? Here is a Gateway to it, through ALP Consulting. Recruiting for Data Analyst Employment Type : Permanent Required Strong knowledge in data management (DBMS, SQL, Big Data) Experience in programming languages like Python or R Experience in visualization tools like Tableau or Power BI Exposure to statistical techniques, ML concepts Experience in building data pipeline and automate the end to end data flow activities like extraction, c…"
Data Analyst,Creditsafe Technology,"Hyderabad, Telangana",2026-05-24T17:55:06Z,"Hello Everyone, Greetings from the Creditsafe Technology. We are excited to announce a new job opening for the position of Data Analyst based in Hyderabad, India. Please find the job description below for your reference. ABOUT US: Creditsafe, the global business intelligence experts, specializes in business credit checking and all round B2B solutions. As the world’s most used provider of online business credit reports, we’ve changed the way business information is used worldwide through our pas…"
Data Analyst,RapidBrains,"Bangalore, Karnataka",2026-06-16T09:32:58Z,"Job Title: Data Analyst Job Location: Bangalore/Pune/Gurgaon (Hybrid) Experience: 4Years Notice Period: Immediate Overview The Data Analyst will support Private Market investment operations by delivering trusted, well‑governed data solutions, leveraging strong expertise in the Citco fund administration environment. Partnering with Investment, Risk, Finance, and Data & Analytics teams, the role translates business requirements into clear data definitions, business rules, and quality standards su…"
Data Analyst,Genetic Callnet Consultancy Pvt Ltd.,"Mumbai, Maharashtra",2026-06-13T10:50:13Z,Job Summary: We are seeking a Data Analyst to join our team at our Andheri East office. The ideal candidate will be proficient in Excel and Google Sheets for database management and possess a working knowledge of MySQL. The primary responsibility of this role is to merge various excel files to generate meaningful MIS (Management Information System) reports. Responsibilities and Duties:  Merge various excel files to create comprehensive and meaningful MIS reports.  Utilize Excel and Google She…
Data Analyst,Arcana,"Coimbatore, Tamil Nadu",2026-01-24T17:31:47Z,"About Arcana Arcana is a portfolio intelligence platform used by hedge funds and asset managers to analyze performance and risk. We’re rethinking the tools institutional investors rely on—and we’re hiring analysts who want to help drive that transformation. Role Overview We are looking for a Data Analyst to work with large-scale financial datasets, ensure high data quality, and deliver actionable insights through dashboards and reports. The role focuses on building and maintaining robust data q…"
Data Analyst,ACL Digital,"Mumbai, Maharashtra",2026-06-13T10:54:09Z," Role Overview Job Title: Data Analyst Experience Required: Minimum 5 years in IT (with a clear track record in data analysis) Location: Mumbai, India The Mission: The BROKK team manages tariffs, rate cards, and invoice data for the bank’s global trading desks. Your job is to use data, math, and coding to automate how the bank tracks and validates its expenses and vendor invoices.  The 4 Core Duties (What you will do) Data Analysis: Study global tariff and invoice data to calculate business cos…"
Data Analyst,Epsilon,"Bangalore, Karnataka",2026-06-13T10:50:13Z,"Summary The Data Analyst will be a key member of the Technical Operations team, serving as a key link between Engineering and Operations. This role focuses on transforming data into actionable insights that improve operational efficiency and enhance client outcomes. You will work on client reporting, operational requests, and data-driven initiatives, leveraging tools such as Oracle SQL, Microsoft Excel, and other analytics platforms. This role also involves collaborating with cross-functional t…"
Data Analyst,Undisclosed,"Bangalore, Karnataka",2026-05-28T18:22:29Z,Data Analyst - Patient Journey Analytics Consultant (RWD/RWE) We are looking for a skilled Data Analytics professional with strong expertise in Real-World Data (RWD) and Real-World Evidence (RWE) to support patient journey analytics initiatives across multiple therapeutic indications. The consultant will work closely with cross-functional stakeholders to deliver actionable insights from healthcare datasets and help strengthen patient journey analysis capabilities on an ongoing basis. Location: …
Data Analyst,Good Health Company,"Hyderabad, Telangana",2026-06-14T14:47:17Z,"Job Summary Aniwell is seeking a highly skilled and detail-oriented Senior Data Analyst (Technical & Reporting) to join our team. The ideal candidate will have strong expertise in SQL, Python, Power BI, Tableau, and advanced reporting techniques. This role will be responsible for collecting, transforming, analyzing, and visualizing data from multiple business and digital platforms to generate actionable insights and support strategic decision-making. The candidate should possess a strong analyt…"
Data Analyst,Navi,India,2026-06-13T10:52:21Z,"About the Team The Analytics team at Navi plays a pivotal role in driving data-informed decision-making across the organization. We work closely with all business functions to generate insights, build visibility, and validate hypotheses that shape strategy and execution. Our work spans five key verticals: Business and Product Analytics, Credit & Credit Risk Analytics, Collections & Biz-fin Analytics, Self-Serve and Automation. About the Role Data analyst is a key role within the Navi central an…"
Data Analyst,Persistent Systems,India,2026-06-04T16:50:33Z,About Position: Persistent Systems is seeking a seasoned and visionary member to our Business Insights function. This role is critical in transforming enterprise data into strategic insights that influence executive decision-making and drive business value across global units. Role: Data Analyst – FP&A / Business Insights Location: Pune Experience: 3-10 Years Job Type: Full Time Employment What You'll Do: Designing and implementation of enterprise-wide data analytics frameworks to support strat…
Data Analyst,SourceFuse,"Noida, Ghaziabad",2026-04-23T17:46:09Z,"SourceFuse is looking for a highly proactive and business-oriented Data Analyst (DOMO) with 6 years of experience who can go beyond reporting to drive insights, influence decisions, and shape scalable data-driven solutions for client. Preferred Location: Noida/Mohali This role requires someone who can: ● Lead stakeholder conversations ● Translate ambiguous business problems into structured analytical solutions ● Bring a strong understanding of financial analytics (budgeting, planning, cost anal…"
Data Analyst,ADP,India,2026-05-20T07:21:44Z,"Data Analytics (Job Code: Business Intelligence) Experience & Skills requirements: 3 to 5 years of IT Industry experience with deep focus in BI or data warehousing or any analytics projects Experience in Business Intelligence is mandatory Post-graduation from reputed institutes would be preferred Experience in Business Analysis or Quality Assurance in BI or Analytics programs, with at least one end-to-end implementation Querying and Analyzing data: Ability to deep dive into data sources for dat…"
Senior Data Analyst,"Enterprise Minds, Inc","Bangalore, Karnataka",2026-06-12T00:13:52Z,"Job Description – Data Analyst (E-commerce Focus) Role: Senior Data Analyst Experience: 5 -8 Years Employment Type: Full Time Role Overview We are seeking a detail-oriented and analytical Data Analyst with strong experience in the e-commerce domain. The role requires analyzing customer behavior, sales performance, and operational metrics to generate actionable insights that drive business growth. The ideal candidate should be proficient in data analysis, reporting, and visualization while worki…"
Senior Data Analyst,Insight Global,"Hyderabad, Telangana",2026-06-01T10:24:08Z,"Required Skills & Experience Must Haves: • 5 years of experience as a Technical Analyst or Data Engineering Analyst in financial services (Asset Management Preferred) • 5 years of experience with Oracle relational database technologies • Strong Experience with SQL Server • Proficiency in querying for data extraction, validation, and troubleshooting. • Proficient/advanced Excel capabilities including pivot tables, advanced formulas, data modeling, and analysis for large datasets. • Experience wo…"
Senior Data Analyst,Kamakhya Analytics Private Limited,"Bangalore, Karnataka",2026-06-06T17:27:15Z,"JOB DESCRIPTION - SENIOR DATA ANALYST Location: Bangalore-Hybrid Department : Analytics Team : Survey Insights and Reporting About the Company: Kamakhya Analytics is a technology-driven research and consulting organisation helping leaders, parties, and institutions decode India’s political and policy landscape. We bring together survey science, data analytics, and strategic insight to answer complex questions about public opinion, governance, and performance. From ground-level fieldwork to adva…"
Senior Data Analyst,MS CLINICAL RESEARCH,"Bangalore, Karnataka",2026-05-26T20:10:41Z,"Job Title: Senior Data Analyst – Team Lead Experience: 8 Years Department: Data Analytics / Clinical Data Analytics Location: Domlur, Bangalore Reporting To: Director Role Overview We are seeking an experienced Senior Data Analyst – Team Lead to oversee data analytics operations, lead a team of analysts, and ensure delivery of high-quality, data-driven insights. The role requires strong leadership, project management, and hands-on analytical capabilities, particularly in handling clinical/study…"
Marketing Data Analyst,BIG Language Solutions,India,2026-05-01T17:01:01Z,"Job Title: Marketing Data Analyst Experience Required: 3 years Location: India (Remote) Travel required: Occasional Reports to: VP, Marketing & Sales Enablement Employment Type: Full-Time Goal of Position: The Marketing Analyst will provide dedicated support for marketing data, reporting, and analysis across campaigns, RFPs, and business initiatives. This role will act as the primary steward of marketing data, ensuring that information is accurate, consistent, complete, and fit for use across r…"
Lead Data Analyst,Digitas India,"Mumbai, Maharashtra",2026-06-10T18:04:04Z,"Role- Lead Data Analyst Experience: 5-8 years in Google Analytics Implementation Qualification: Google Analyst certified, BE/B.tech/M.tech/BCA/MCA Primary Skills: Very strong skills in Google Analytics 360, Google Tag Manager 360 and GA4 (GTM and GA) Good Knowledge Firebase and Mobile Analytics Tagging Data Studio Experience in working on Big Query/SQL for GA data Adobe Analytics Strong Technical knowledge in implementation of Google Analytics Is mandatory Good in JS skills is must as he need t…"
Remote Data Analyst,Turing,"Bangalore, Karnataka",2026-06-13T18:47:19Z,"About Turing: Based in San Francisco, California, Turing is the world’s leading research accelerator for frontier AI labs and a trusted partner for global enterprises deploying advanced AI systems. Turing supports customers in two ways: first, by accelerating frontier research with high-quality data, advanced training pipelines, plus top AI researchers who specialize in coding, reasoning, STEM, multilinguality, multimodality, and agents; and second, by applying that expertise to help enterprise…"
Remote Data Analyst,Turing,"Chennai, Tamil Nadu",2026-06-13T18:44:39Z,"About Turing: Based in San Francisco, California, Turing is the world’s leading research accelerator for frontier AI labs and a trusted partner for global enterprises deploying advanced AI systems. Turing supports customers in two ways: first, by accelerating frontier research with high-quality data, advanced training pipelines, plus top AI researchers who specialize in coding, reasoning, STEM, multilinguality, multimodality, and agents; and second, by applying that expertise to help enterprise…"
Remote Data Analyst,Turing,"Mumbai, Maharashtra",2026-06-14T02:56:00Z,"About Turing: Based in San Francisco, California, Turing is the world’s leading research accelerator for frontier AI labs and a trusted partner for global enterprises deploying advanced AI systems. Turing supports customers in two ways: first, by accelerating frontier research with high-quality data, advanced training pipelines, plus top AI researchers who specialize in coding, reasoning, STEM, multilinguality, multimodality, and agents; and second, by applying that expertise to help enterprise…"
Remote Data Analyst,Turing,India,2026-06-14T00:56:14Z,"About Turing: Based in San Francisco, California, Turing is the world’s leading research accelerator for frontier AI labs and a trusted partner for global enterprises deploying advanced AI systems. Turing supports customers in two ways: first, by accelerating frontier research with high-quality data, advanced training pipelines, plus top AI researchers who specialize in coding, reasoning, STEM, multilinguality, multimodality, and agents; and second, by applying that expertise to help enterprise…"
Remote Data Analyst,Turing,"Noida, Ghaziabad",2026-06-14T05:07:17Z,"About Turing: Based in San Francisco, California, Turing is the world’s leading research accelerator for frontier AI labs and a trusted partner for global enterprises deploying advanced AI systems. Turing supports customers in two ways: first, by accelerating frontier research with high-quality data, advanced training pipelines, plus top AI researchers who specialize in coding, reasoning, STEM, multilinguality, multimodality, and agents; and second, by applying that expertise to help enterprise…"
Remote Data Analyst,Turing,"Delhi, India",2026-06-14T02:59:31Z,"About Turing: Based in San Francisco, California, Turing is the world’s leading research accelerator for frontier AI labs and a trusted partner for global enterprises deploying advanced AI systems. Turing supports customers in two ways: first, by accelerating frontier research with high-quality data, advanced training pipelines, plus top AI researchers who specialize in coding, reasoning, STEM, multilinguality, multimodality, and agents; and second, by applying that expertise to help enterprise…"
Remote Data Analyst,Turing,"Kolkata, West Bengal",2026-06-13T20:57:38Z,"About Turing: Based in San Francisco, California, Turing is the world’s leading research accelerator for frontier AI labs and a trusted partner for global enterprises deploying advanced AI systems. Turing supports customers in two ways: first, by accelerating frontier research with high-quality data, advanced training pipelines, plus top AI researchers who specialize in coding, reasoning, STEM, multilinguality, multimodality, and agents; and second, by applying that expertise to help enterprise…"
Remote Data Analyst,Turing,"Hyderabad, Telangana",2026-06-13T20:54:17Z,"About Turing: Based in San Francisco, California, Turing is the world’s leading research accelerator for frontier AI labs and a trusted partner for global enterprises deploying advanced AI systems. Turing supports customers in two ways: first, by accelerating frontier research with high-quality data, advanced training pipelines, plus top AI researchers who specialize in coding, reasoning, STEM, multilinguality, multimodality, and agents; and second, by applying that expertise to help enterprise…"
Product Data Analyst,ThinkWise Consulting LLP,"Hyderabad, Telangana",2026-06-11T00:08:22Z,"Role - Product Data Analyst Experience - 5 Years Mode of interview - 1st round Face-To-Face Hyderabad, Hybrid Model Required Qualifications 5–7 years of professional experience in a product analytics, business analytics, or data analyst role supporting digital products, eCommerce, or B2B platforms. • Demonstrated ability to build, ship, and maintain production-quality dashboards and reports in at least one of: DOMO, Google Looker (LookML), or Power BI with working familiarity across more than o…"
Data Analyst Healthcare,Persistent Systems,India,2026-06-11T21:10:12Z,"About Position: We are looking for an experienced Data Analyst having strong knowledge on MS SQL, Healthcare Data Modeling & Integration, Statistics. You will help us build scalable, efficient cloud infrastructure. Youll implement monitoring for automated system health checks. Youll build our CI pipeline, and train and guide the team. Role: Data Analyst Healthcare Location: All Persistent Locations Experience: 7 to 15 years Job Type: Full Time Employment What You'll Do: Healthcare Data Analysis…"
Senior Data Analyst,Tanla Platforms Limited,"Hyderabad, Telangana",2026-06-13T18:50:29Z,"Role Overview We are looking for a Data Analyst to collect, process, and analyze data to help drive informed business decisions. The ideal candidate will have strong analytical skills, experience with data tools, and the ability to translate complex data into actionable insights Key Responsibilities: Collect, clean, and validate data from multiple sources Analyze large datasets to identify trends, patterns, and anomalies Develop dashboards, reports, and visualizations for stakeholders Write eff…"
Portfolio Data Analyst,Arcana,India,2025-12-10T19:02:09Z,"We are seeking dynamic Portfolio Data Analysts to join our team and collaborate closely with our founders, financial analysts, product managers, and engineers. In this role, you'll play a pivotal part in supporting our client onboarding and success team. You'll need a strong ability to analyze financial data, translate insights into actionable strategies, and effectively guide clients through our platform's features to drive their success. Responsibilities: Analyze and onboard portfolio data fr…"
Senior Data Analyst,eInfochips ,"Ahmedabad, Gujarat",2026-05-21T17:36:41Z,"Power BI / Data Analytics Engineer – Job Description Position : Power BI / Data Analytics Engineer Job Summary We are looking for a skilled and detail-oriented Power BI / Data Analytics Engineer with 4–6 years of experience in business intelligence, data engineering, and cloud analytics platforms. The candidate will be responsible for designing, developing, and maintaining scalable BI solutions, automated data pipelines, and interactive dashboards to support business decision-making. The ideal …"
Senior Data Analyst,Media.net,"Bangalore, Karnataka",2026-06-15T01:04:02Z,"About Us Media.net is one of the world's leading companies in the Contextual Advertising space that provides a wide range of advertising and traffic monetization solutions. Since its founding, Media.net has constantly broken new ground in building innovative contextual advertising solutions. While our HQ is in Dubai, our employees are spread across key operation centers in New York, Los Angeles, Dubai, Zurich, Mumbai and Bangalore. Media.net is both large and small! It’s got the culture of a st…"
Senior Data Analyst,Andor Tech,"Mumbai, Maharashtra",2026-06-07T17:40:46Z,"About the Role We are looking for an experienced Collibra Developer / Data Governance Engineer to join our Digital Centre of Excellence (DEC) team supporting a global investment banking environment. The ideal candidate will have strong expertise in Collibra Data Intelligence Platform, metadata management, data governance, workflow development, and integrations. You will be responsible for developing and maintaining Collibra solutions, onboarding metadata sources, automating governance processes…"
Data Analyst Associate,Quickeee,"Mumbai, Maharashtra",2026-06-14T14:47:54Z,"Location: Mumbai Department: E-commerce Analytics Open Positions: 2 About Quickeee : Quickeee is a fast-growing Mumbai-based startup transforming the fast fashion space with 60-minute delivery and an AI-powered styling experience. We cater to urban, time-conscious shoppers, bringing speed, personalization, and trend-first fashion together. Role Overview : We are looking for Analytics Associates to support business teams with data-driven insights, reporting, and performance analysis across e-com…"
Metrics and Data Analyst,Tech Mahindra,India,2026-06-13T18:49:46Z,"Years of Experience: 8 to 12 years of experience in metrics analysis, KPI definition, and dashboard development. Location: Bengaluru/Pune/Hyderabad/Chennai/Noida Educational Qualification Bachelor's degree in engineering, Statistics, Mathematics, Computer Science, or a related field. Certifications in Data Analytics, Quality Management, or Process Excellence are advantageous. Skill Requirements Deep understanding of data, metrics, and KPIs, with the ability to define metrics for new age develop…"
DATA ANALYST (AI),RivetStays,India,2026-05-16T15:37:47Z,"RivetStays is a Toronto-based short- and mid-term rental operator building internal systems powered by AI, automation, and data. We’re hiring a highly technical Operations & AI Systems Builder to run and build internal systems using agentic AI tools like Codex, Claude Code, ChatGPT, and automation workflows. This is not a traditional analyst role. We want someone who lives inside AI tools every day — someone who uses Claude, Codex, ChatGPT, and AI agents constantly to execute, automate, build, …"
Senior Data Analyst,Synechron,India,2026-06-03T01:01:51Z,"Job Summary Synechron is seeking a proficient Data Engineer to support the design, development, and maintenance of scalable, efficient data pipelines and enterprise data solutions. The role involves collaborating with cross-functional teams to gather requirements, implement data management strategies, and ensure data quality, security, and availability. The Data Engineer will leverage experience in cloud platforms, big data tools, and modern development practices to enable data-driven decision-…"
Data Analyst (enterprise data analysis),Luxoft India,"Noida, Ghaziabad",2026-05-30T08:27:12Z,"Project Description: The Data Analyst is a self-driven analytics expert responsible for transforming enterprise data into actionable operational and business insights. The role supports improved decision-making across IT Service Delivery and business operations, leveraging strong domain understanding, analytical rigour, and modern analytics and automation platforms across cloud and on premises environments. This role plays a critical part in improving governance, reliability, quality, and obser…"
Data Analyst – Reporting & Automation,Urban Money,"Kolkata, West Bengal",2026-06-05T17:22:04Z,"Location : Salt Lake Sector V, Kolkata Salary : INR 6 LPA – INR 8 LPA Experience : Minimum 5 Years Mandatory in a Data Analyst Role Mode : Full-time, In-office About Urban Money Urban Money is a digital lending platform operated by Hytone Merchants Pvt. Ltd., an RBI-registered NBFC based in Kolkata. We provide fast, simple, and accessible credit solutions through a technology-driven loan process, combining digital onboarding, risk assessment, customer support, collections, and data-driven decis…"
Data Analyst (Fresher) – Remote,AppZime Technologies,India,2026-06-16T09:31:03Z,"Data Analyst (Fresher) – Remote Company: AppZime Technologies Salary Range: ₹30,000 – ₹45,000/month Employment Type: Full-Time Contact Person: https://www.linkedin.com/in/harshit2904 About Us At AppZime Technologies, we build digital solutions and AI-driven products that help businesses scale faster. From IT staffing to innovative tech platforms, we focus on creating impactful digital experiences. We are looking for a passionate and analytical Data Analyst Fresher who loves working with data, f…"
Data Analyst Power BI,Persistent Systems,India,2026-06-11T21:10:11Z,"About Position: We are looking for an experienced Data Analyst having strong knowledge on MS SQL, Data Modeling & Integration, Statistics. You will help us build scalable, efficient cloud infrastructure. Youll implement monitoring for automated system health checks. Youll build our CI pipeline, and train and guide the team. Role: Data Analyst Power BI Location: All Persistent Locations Experience: 6 Years to 10 Years Job Type: Full Time Employment What You'll Do: Design, develop, and maintain i…"
Portfolio Data Analyst (Coimbatore),Arcana,India,2026-03-14T03:06:55Z,"We are seeking dynamic Portfolio Data Analysts to join our team and collaborate closely with our founders, financial analysts, product managers, and engineers. In this role, you'll play a pivotal part in supporting our client onboarding and success team. You'll need a strong ability to analyze financial data, translate insights into actionable strategies, and effectively guide clients through our platform's features to drive their success. This is a hybrid role based out of Arcana’s Coimbatore …"
Online Data Analyst Gujarati,TELUS Digital,India,2026-05-23T17:57:47Z,"Are you a detail-oriented individual with a passion for research and a good understanding of national and local geography? This freelance opportunity allows you to work at your own pace and from the comfort of your own home. A Day in the Life of an Online Data Analyst: In this role, you will be working on a project aimed at enhancing the content and quality of digital maps that are used by millions of people worldwide Completing research and evaluation tasks in a web-based environment such as v…"
Data Analyst (Telecom Domain),Selections HR Services Private Limited,"Bangalore, Karnataka",2026-06-11T21:08:31Z,"Senior Consultant – Telecom Data Analytics Want to join the team which is re-imagining existing industry business processes and creating new services to help customers navigate their Digital Journeys through a combination of Analytics, Machine Learning, AI, Intelligent Automation and deep domain expertise to drive ‘Impactful’ experience and effectiveness? Are you an expert in Telecom Data analytics , possibly with 8 – 12 years of industry experience We are seeking a Telecom Data Analyst to driv…"
Data Analyst – Power Platform,Innover Digital,"Bangalore, Karnataka",2026-05-23T17:52:59Z,"About Us: Innover is an award-winning AI-first engineering firm, transforming businesses through Experience Engineering, Digital Engineering, and Process Engineering. Our interconnected competencies seamlessly deliver comprehensive industry solutions—Experience Engineering shapes visionary strategies, Digital Engineering brings them to life, and Process Engineering ensures flawless execution. With deep technical expertise and business acumen, we’ve empowered over 65 Fortune 1000 companies to ac…"
Data Analyst and Coordination Executive,The MEP Club,"Hyderabad, Telangana",2026-06-16T09:29:56Z,"Looking for someone who can support with data research, database preparation, outreach coordination, follow-ups, and basic analysis for an upcoming initiative. This will be a part-time or project-based role for the next 2 to 3 months. Responsibilities: Research and prepare structured databases Collect and organize relevant information from different sources Maintain clean trackers in Excel or Google Sheets Identify the right people or organizations to connect with Send professional messages and…"
Data Analyst/Engineer – SCG India,SCG,"New Delhi, Delhi",2025-09-12T19:47:19Z,"About SCG in India SCG, Southeast Asia’s leading industrial conglomerate, is expanding in India with a focus on sustainable building materials, modern construction solutions, and digital transformation . Beyond advanced products, SCG is building capabilities in data-driven operations and analytics , leveraging India’s talent base to strengthen decision-making and performance. About the Role As a Data Analyst/Engineer, you will transform raw data into insights that support business growth, opera…"
Online Data Analyst - Odia Language.,TELUS,India,2026-04-25T07:57:22Z,"Job description Are you a research-minded individual with a keen eye for detail and a good understanding of national and local geography? This freelance opportunity allows you to work at your own pace and from home. A day in the life of an online data analyst: In this role, you will work on a project that aims to improve the content and quality of digital maps used by people around the world. Conduct research and evaluation in a web-based environment, including data verification, comparison, an…"
Macro Economist / Senior Data Analyst,Bajaj Consumer Care,"Mumbai, Maharashtra",2026-06-13T18:51:33Z,"ABOUT THE ROLE We are building a macro intelligence capability within our consumer business at Bajaj Consumer Care. This is a newly created, high-visibility role designed for an economist or data analyst who can read India’s macroeconomic environment and translate it into strategic insights that directly shape business decisions. You will serve as the in-house macro intelligence engine — connecting economic signals to consumer behaviour, advising leadership, and helping the organisation stay ah…"
Senior Data Analyst - MS Fabric,enGen Global,"Chennai, Tamil Nadu",2026-05-29T00:24:56Z,"ROLE: Senior Data Analyst Key skills required - MS Fabric, Power BI Dashboards and Report development Experience - 9-12 yrs Shift- 3pm-12am (Both ways cab will be provided) Job Location - Chennai /Hyderabad Mode of work - Hybrid ABOUT ORGANISATION: EnGen Global is an emerging global healthcare partner that delivers strategic innovation, expertise, and flexibility to its healthcare partners. Being a US healthcare conglomerate captive, we have direct access to deeper insights that help us acceler…"
Data Analyst - Government Projects ( Consulting Organization),Talent Integrators,India,2026-06-12T00:13:29Z,"Role Overview : We are seeking a skilled and motivated Data Analyst to support in a Government of Meghalaya project. The candidate will play a critical role in analyzing financial and taxation data, generating actionable insights, and supporting decision-making for revenue enhancement initiatives. Key Responsibilities : - Collect, clean, and analyze large datasets related to taxation and revenue. - Develop dashboards and reports using Power BI and other visualization tools. - Work closely with …"
Waliku Data Analyst - 1 yr contract,Save the Children International,India,2026-06-10T18:04:00Z,"Save the Children International has an exciting short term opportunity for a Waliku Data Analyst (12m). Waliku is a Save the Children technology team that provides bespoke solutions for digital data capture and analytics on learner education and well-being. Since inception in 2016, Waliku has grown from a proof-of-concept study and pilot to supporting Save the Children education projects in multiple sites globally. At Waliku, we provide digital data solutions, which are based on local needs, an…"
Lead Tariff Analyst (Lead Data Analyst),Digit88 Technologies,India,2026-05-29T08:24:04Z,"Position: Lead Tariff Analyst (Lead Data Analyst) Job Location : Pune (Onsite/Hybrid) Mandatory Skills : Advance Excel, SQL, Python, Team Handling Experience About Digit88: Digit88 is an AI-native product engineering partner helping startups and enterprises build, scale and operate intelligent software products. We are a lean, high-impact team of 75 technologists, backed by leaders with deep experience across startups and global enterprises. We build strong, outcome-driven engineering teams tha…"
Data Quality Analyst,Human Archive ,"Bangalore, Karnataka",2026-06-10T18:02:45Z,"Data Quality Analyst Location: Bangalore | Salary: Rs 22,000 - 30,000/month Employment Type: Full-time / Part-time | Experience: Freshers welcome About the role: We are hiring Quality Analysts to watch, trim and label video data work that directly feeds AI model training. See the work before you apply- https://www.loom.com/share/505d4e5d4bad482a9b666eafbf68f910 No technical background needed. Full training provided . What you will do: - Trim first-person video clips to exact timestamps - Label …"
Data & Insights Analyst,Ecomm-Inroads,India,2026-05-02T11:07:17Z,"Why Join Us: We’re a small but mighty Amazon & TikTok growth agency with real momentum, and we’re still small enough that every person on the team genuinely matters. No layers, no bureaucracy. Just a tight group of smart, fun people doing great work together. Work directly with the founders. You’ll work alongside the people who built this business from the ground up. A ringside seat to everything. You’ll play a pivotal role in preparing for client conversations, the beating heart of this busine…"
Data Security Analyst,Generac,India,2026-06-14T14:46:46Z,"Primary Purpose The Data Security Analyst supports the day-to-day administration and continuous improvement of the enterprise Data Protection Program, with a primary focus on Microsoft Purview and CrowdStrike Falcon Data Protection. This role assists with implementing, testing, monitoring, and documenting data loss prevention and insider risk controls across endpoint, email, SaaS, and cloud channels. Working in partnership with Cybersecurity, Legal, HR, Privacy, Enterprise IT, and business stak…"
Data Quality Analyst,ValueMomentum,"Hyderabad, Telangana",2026-06-06T07:39:36Z,"Job Title: ETL Automation & Functional QA Analyst Experience: 3–8 Years Employment Type: Full-Time Work Mode: Work from Office Locations: Pune, Hyderabad, Bangalore, Coimbatore Job Summary We are looking for a skilled ETL Automation & Functional QA Analyst with 3–8 years of experience in data validation, ETL testing, and test automation. The ideal candidate will be responsible for ensuring data accuracy, validating ETL workflows, and building automation frameworks to improve testing efficiency.…"
Data Protection Analyst,AB InBev GCC India,"Bangalore, Karnataka",2026-05-23T17:55:08Z,"Dreaming big is in our DNA. It’s who we are as a company. It’s our culture. It’s our heritage. And more than ever, it’s our future. A future where we’re always looking forward. Always serving up new ways to meet life’s moments. A future where we keep dreaming bigger. We look for people with passion, talent, and curiosity, and provide them with the teammates, resources and opportunities to unleash their full potential. The power we create together – when we combine your strengths with ours – is …"
Data Security Analyst,NuSummit Cybersecurity,"Bangalore, Karnataka",2026-06-13T10:52:13Z,"Looking for Immediate to 30 days Joiners Only. Required Qualification:BE/ B.Tech/ M.Tech/ MSc/ MCA Monitoring and managing the Forcepoint DLP system Adding exceptions to the policies based on pre-defined criteria Collect, monitoring of endpoints, Web,Email, etc and analyse data produced by the client DLP system Defining and deploying DLP Endpoint profiles Adding and Managing Access Roles in DLP (super user, system admin, policy manager,incident manager, external auditor) DLP Server upgrade acti…"
Online Data Analyst Urdu _India (Maps Freelance Project),TELUS Digital AI Data Solutions,India,2026-05-23T17:55:13Z,"Job description Are you a detail-oriented individual with a passion for research and a good understanding of national and local geography? This freelance opportunity allows you to work at your own pace and from the comfort of your own home. A Day in the Life of an Online Data Analyst: In this role, you will be working on a project aimed at enhancing the content and quality of digital maps that are used by millions of people worldwide Completing research and evaluation tasks in a web-based envir…"
Marketplace Data & Growth Analyst,Rigle,India,2026-05-17T19:47:13Z,"About Us: Rigle is a global eCommerce accelerator that partners with high-potential brands to build, scale, and protect their presence across major marketplaces — with Amazon as our core focus. We operate with the same rigor as top Amazon-native teams, combining deep platform expertise, strong internal processes, and data-driven decision making. We manage large, complex accounts across multiple brands and categories and are obsessive about account health, operational excellence, and scalability…"
"Job Posting Title Data Analyst III, Global Complaint Vigilance Systems and Trending",Kenvue,"Mumbai, Maharashtra",2026-06-13T10:54:09Z,"Kenvue is currently recruiting for: Data Analyst III, Global Complaint Vigilance Systems and Trending This role reports to Sr. Mgr. Global CV Systems & Trending Global Quality NA - Product QA Management and is based at Mumbai. Looking for Mumbai based candidates only. Who We Are At Kenvue , we realize the extraordinary power of everyday care. Built on over a century of heritage and rooted in science, we’re the house of iconic brands - including NEUTROGENA®, AVEENO®, TYLENOL®, LISTERINE®, JOHNSO…"
Market Research Data Processing Analyst,dentsu,"Mumbai, Maharashtra",2026-06-10T00:00:17Z,"Requirement for Data Processing Analyst Market Research Location: Mumbai Coimbatore, Hybrid Job Description: Job Title: Data Processing Analyst Job Type: Full-Time Experience: 6 Years in Market Research Industry Job Summary: We are looking for a meticulous and analytical Data Processing Analyst to join our team. The ideal candidate will have over 3 years of experience in the market research industry, with a strong background in data processing and analysis. This role involves managing and proce…"
Data Analyst /Policy Migration Tool (PMT) Analyst. Guide wire Implementation/Claim center,ValueMomentum,"Hyderabad, Telangana",2026-05-22T17:52:17Z,"Value momentum is Hiring Data Analyst with SQL and Policy Migration Tool (PMT), Guide wire Implementation/Claim center Role: Data Analyst with SQL and Policy Migration Tool (PMT), Guide wire Implementation/Claim center Locations: Hyderabad/ Bangalore/Pune/Coimbatore Mode of Work: Work from Office. Responsibilities: · Interpret data, analyze results using statistical techniques, and provide ongoing reports. · Develop and implement databases, data collection systems, data analytics, and other str…"
Data Analyst – SAP / SAP MDG | 5 YoE | Any UST Location | Immediate Joiner,UST,"Bangalore, Karnataka",2026-04-12T08:36:04Z,"Candidates ready to join immediately can share their details via email for quick processing.  CCTC | ECTC | Notice Period | Location Preference nitin.patil@ust.com Act fast for immediate attention! ⏳ Required Skills: Strong experience as a Data Analyst with enterprise data handling and reporting. Hands-on experience with SAP and understanding of SAP master data objects. Experience with SAP Master Data Governance (MDG) . Good knowledge of master data domains such as Customer, Vendor, Material, F…"
Senior Credit Risk Data Science Analyst,Dun & Bradstreet India,"Chennai, Tamil Nadu",2026-06-06T07:42:33Z,Dun & Bradstreet Technology and Corporate Services India LLP is looking for candidates to support the Data Science team in Trade and Credit Risk Analytics. The candidate needs to work closely with the team based in India and across a range of Analytics leaders who are located globally to fulfill delivery on a timely basis Key Responsibilities: Work on development of B2B Risk solutions which includes Standard and custom solutions catering to various clients including fortune 500 companies Work w…
Reference Data Senior Analyst/Associate Process Manager,eClerx,"Chandigarh, India",2026-05-29T08:19:13Z," eClerx || Walk‑In Drive – Reference Data ||  We are looking for dynamic and detail‑oriented professionals to join our growing team! eClerx is Hiring | Reference Data - SA/APM  Walk‑In Details Date: 28-May-26 Time: 11:30 AM to 2:00 PM Joining Location: Chandigarh Shift: Flexible with shifts Experience - 2 to 8 year Interview Venue: Quadron Business Park, Block 01, Wing A-LG,Hinjewadi Phase 2, Rajiv Gandhi Infotech Park, Pune – 411057 Contact Person: Savita Madhyani ( Savita.madhyani.c@eclerx.co…"
"We are looking for Data Reporting Analyst (Alteryx, Expert)",Synechron,India,2026-06-05T17:19:42Z,"Job Summary Synechron is seeking a proficient Data Engineer to support the design, development, and maintenance of scalable, efficient data pipelines and enterprise data solutions. The role involves collaborating with cross-functional teams to gather requirements, implement data management strategies, and ensure data quality, security, and availability. The Data Engineer will leverage experience in cloud platforms, big data tools, and modern development practices to enable data-driven decision-…"
Data & Analytics Governance Analyst_99501,MyCareernet,"Bangalore, Karnataka",2026-06-10T18:05:27Z,"Key Skills: Data Analyst, Data Engineer, Collibra, Investment Banking, Metadata Roles and Responsibilities: Analyze and validate fund performance, fund administration, and exposure data to ensure accuracy and consistency. Translate business needs into data requirements, including data quality rules, completeness criteria, and acceptance standards. Write and maintain data rules, validation checks, business logic, and quality thresholds to define what good data looks like. Investigate data anomal…"
Learning & Development Data and Systems Analyst,Forvis Mazars Group,India,2026-06-06T07:38:23Z,"Do you want to make a real impact by turning data into insight that drives business decisions? Are you seeking a varied role where you can enhance systems, optimise processes, and play a key role in transformation initiatives? If you have answered yes to these questions, then you may be just who we have been looking for! We are seeking a highly analytical and systems-focused professional to join our Learning & Talent Development team as a Data & Systems Analyst. This is a pivotal role at the he…"
Walkin For SAP DMM -Operation on 12th June 26 @Bangalore,Infosys BPM,"Mysore, Karnataka",2026-06-04T16:47:11Z,"Exclusive Walkin Drive for SAP DMM Operation at Bangalore-Phase 2 on 12th June 26 Greeting from Infosys BPM Ltd., You are kindly invited for the Infosys BPM: Walk-In Drive on 12th June 26 Note: Please carry copy of this email to the venue and make sure you register your application before attending the walk-in. Please mention Candidate ID on top of the Resume Interview Information: Interview Date: 12th June 26 Interview Time: 10 AM till 1 PM Interview Venue - Bangalore Phase-2 Infosys Limited, …"
Walkin For SAP DMM -Operation on 10th June 26 @Bangalore,Infosys BPM,"Mysore, Karnataka",2026-06-04T16:50:43Z,"Exclusive Walkin Drive for SAP DMM Operation at Bangalore-Phase 2 on 10th June 26 Greeting from Infosys BPM Ltd., You are kindly invited for the Infosys BPM: Walk-In Drive on 10th June 26 Note: Please carry copy of this email to the venue and make sure you register your application before attending the walk-in. Please mention Candidate ID on top of the Resume Interview Information: Interview Date: 10th June 26 Interview Time: 10 AM till 1 PM Interview Venue - Bangalore Phase-2 Infosys Limited, …"
Data Analysis - Team Lead,Aceolution India,"Hyderabad, Telangana",2026-06-01T10:17:15Z,"Job Summary: We are seeking a highly skilled and experienced data lead to join our growing team. The ideal candidate will be a data-driven problem solver with a passion for uncovering insights that drive strategic business decisions. This role will involve working with large, complex datasets, creating compelling visualizations, and effectively communicating findings to both technical and non-technical audiences. The team lead will play a key role in mentoring data analysts and contributing to …"
ETL TESTER,Tata Consultancy Services,India,2026-06-04T00:39:26Z,"Role: ETL Testing Location: Hyderabad, pune Design, plan, and execute test cases, scenarios, and scripts for ETL validation and regression testing. Verify and validate data accuracy, completeness, and consistency using ETL tools and SQL queries. Create and maintain test cases, scripts, and documentation in test management tools such as JIRA and HP ALM. Collaborate with developers, data analysts, and business stakeholders to understand business and technical requirements for ETL testing. Identif…"
Management Information System Executive,Intelliswift - An LTTS Company,India,2026-05-21T17:37:28Z, Intelliswift - An LTTS Company (An LTTS Company) is Hiring! We are looking for a MIS Executive / Data Analyst to join our growing team in Pune .  Role: MIS Executive / Power BI Executive Experience Required: 2–5 years Location: Pune Shift: Night Shift Working Days: 5 Days a Week ✅ Key Skills Required: - Must Have Advanced Excel Pivot Table Power BI Dax -Nice to have VBA Power Automate  What We Offer:  Salary: Best in the industry  Cab Facility  Medical Insurance  Interested? Let’s Connect!  Em…
Data Governance & BI Quality Analyst,Workfall,"Hyderabad, Telangana",2026-06-14T14:48:05Z,"Workfall is a new-age premium talent tech platform, looking for seasoned Data Governance & BI Quality Analyst to join our Data Platform team. This is a senior individual-contributor role embedded within a large, legacy Microsoft SQL Server Critical BI ecosystem that has served the organization for nearly two decades. The successful candidate will bring a governance-first mindset to a technically complex environment, owning data quality frameworks, lineage tracking, compliance enforcement, and c…"
Data Team Lead,Zyoin Group,"Mumbai, Maharashtra",2026-06-13T10:49:00Z,"About the job We are hiring for a Team Leader role to build and lead a high-performing team of Energy, Materials, and Utilities data analysts for a leading global financial data platform, transforming complex sector data into scalable financial products used by clients across India and worldwide. Why Join us! We are looking for a Team Leader to lead and develop a high-performing team of Energy, Materials, and Utilities data analysts. You will be responsible for data management and analysis acro…"
Data Engineer,The Edge Partnership - The Edge in Asia,"Mumbai, Maharashtra",2026-06-14T14:46:43Z,"Our client is a leading global financial services firm providing a wide range of investment banking, securities, investment management and wealth management services. We are looking for Data Engineers who will be responsible for designing, building, and maintaining the data architecture and infrastructure necessary for effective data processing and analysis. This role involves collaborating with data analysts, and other stakeholders to ensure that data is accessible, reliable, and optimized for…"
Data Build tool,Tata Consultancy Services,"Bangalore, Karnataka",2026-06-03T16:38:08Z,"TCS is hiring for DBT Mode of Interview : Walk-In Location : Bangalore only Job Title: Data build tool Role: Developer Experience Range : 5 to 15 Years Key Responsibilities: Design, develop, and maintain data transformation workflows using DBT. Collaborate with data analysts and business teams to understand data requirements and translate them into DBT models. Implement and enforce data modeling best practices (e.g., star/snowflake schemas, normalization). Monitor and optimize DBT runs for perf…"
Data Engineer,IntraEdge,"Bangalore, Karnataka",2026-06-14T14:46:40Z,"Job Title: GCP Data Engineer Location: Bangalore (Hybrid to Client location) Experience: 5 Years Employment Type: Full-Time Job Summary We are looking for an experienced GCP Data Engineer to design, build, and optimize scalable data pipelines on Google Cloud Platform. The ideal candidate will have strong expertise in BigQuery, Python, and distributed data processing, along with hands-on experience in modern data engineering practices. Key Responsibilities Design and develop scalable data pipeli…"
Walkin For SAP MDM on 10th June 26 @Bangalore,Infosys BPM,"Mysore, Karnataka",2026-06-04T16:47:36Z,"Exclusive Walkin Drive for SAP MDM at Bangalore-Phase 2 on 10th June 26 Greeting from Infosys BPM Ltd., You are kindly invited for the Infosys BPM: Walk-In Drive on 10th June 26 Note: Please carry copy of this email to the venue and make sure you register your application before attending the walk-in. Please mention Candidate ID on top of the Resume Interview Information: Interview Date: 10th June 26 Interview Time: 10 AM till 1 PM Interview Venue - Bangalore Phase-2 Infosys Limited, No. 40/P-4…"
Walkin For SAP MDM on 12th June 26 @Bangalore,Infosys BPM,"Mysore, Karnataka",2026-06-04T16:48:36Z,"Exclusive Walkin Drive for SAP MDM at Bangalore-Phase 2 on 12th June 26 Greeting from Infosys BPM Ltd., You are kindly invited for the Infosys BPM: Walk-In Drive on 12th June 26 Note: Please carry copy of this email to the venue and make sure you register your application before attending the walk-in. Please mention Candidate ID on top of the Resume Interview Information: Interview Date: 12th June 26 Interview Time: 10 AM till 1 PM Interview Venue - Bangalore Phase-2 Infosys Limited, No. 40/P-4…"
Data Engineer,IntraEdge,India,2026-06-05T17:19:41Z,"We are seeking a highly skilled Data Engineer with strong experience in Python, PySpark, Snowflake, and AWS Glue to join our growing data team. You will be responsible for building scalable and reliable data pipelines that drive business insights and operational efficiency. This role requires a deep understanding of data modelling, ETL frameworks, and cloud-based data platforms. Responsibilities: Design, develop, and maintain scalable ETL/ELT pipelines using PySpark and AWS Glue. Build and opti…"
Snowflake DBT,LTM,India,2026-06-06T07:41:56Z,Skills : DBT -Snowflake Experience : 3-12 yrs Location : Bhubaneswar Job Description: Key Responsibilities Design build and maintain scalable data pipelines using DBT and Snowflake Develop and optimize data models to support analytics reporting and business intelligence needs Collaborate with data analysts scientists and business stakeholders to ensure data availability and reliability Implement best practices for data governance security and compliance Monitor and troubleshoot data workflows t…
Lead Data Engineer,EXL,India,2026-06-05T17:18:54Z,"Role - Lead Data Engineer (AWS Lakehouse & Snowflake) Job Summary: We are seeking a highly experienced Lead Data Engineer with 9 years of expertise in designing and building scalable data platforms. The ideal candidate specializes in architecting modern data lake/lakehouse solutions on AWS, leveraging technologies such as S3, Apache Iceberg, PySpark, and Airflow, with Snowflake serving as the business intelligence and analytics layer. This role requires strong technical leadership, hands-on eng…"
IT Resume Specialist,ExcelEdge Placements,"Ahmedabad, Gujarat",2026-06-10T18:03:40Z,"We're Hiring – IT Resume Specialist Location: Gota, Ahmedabad (Onsite) Shift: US Shift (7:30 PM – 4:30 AM IST) Working Days: Monday to Friday Experience: 1 Years (Freshers with exceptional writing skills can also apply) About the Role We are looking for a skilled IT Resume Specialist who can create, optimize, and customize professional resumes for candidates across multiple IT domains. The ideal candidate should understand various technology roles and present candidate experience effectively ac…"
Data Engineer - Databricks,Tata Consultancy Services,"Hyderabad, Telangana",2026-06-02T16:38:12Z,"Greetings from TCS TCS is hiring Data Engineer (Databricks with Azure) Location – Any Years of Experience – 4-15 years Job Description Role - Senior Data Engineer – Databricks Required Technical Skill Set Databricks, PySpark, Delta Lake, MLflow, Azure, Data Lakehouse architecture, CI/CD, DataOps Job description- • Data Pipeline Development: Design, build, and optimize scalable data pipelines using Azure Data Factory, Azure Databricks, and other Azure services for data ingestion and processing. …"
Procurement Analyst,Nouryon,"Navi Mumbai, Maharashtra",2026-05-30T08:26:47Z,"At Nouryon, our global team takes positive action every day, to reach higher goals collectively and individually. We create innovative and sustainable solutions for our customers to answer society’s needs – today and in the future. Purpose of the Job We are seeking a skilled Procurement Data Analyst with a robust background in data analytics and a proven track record in consulting firms. The ideal candidate will have a strong background in procurement data analysis, particularly within the chem…"
Data Architect,WhiteLotus Talent Partners,"Bangalore, Karnataka",2026-06-07T07:43:20Z,"Job Title- Data Architect Location- Bangalore, Pan India Mode- Onsite Job Type: Full-Time Overview We are looking for a highly capable Data Analyst / Data Modeler / Data Architect to support a major enterprise data transformation programme, the Data Integration Hub (DIH). This role sits within a high-performing Data Architecture & Engineering function and will play a key part in delivering clean, reconciled, and business-ready data into our analytical platforms. You will work at the heart of th…"
GCP Data Engineer,Impetus,"Chennai, Tamil Nadu",2026-05-20T11:25:20Z,"Job Description — GCP Data Engineer Role: GCP Data Engineer We are seeking a skilled and motivated GCP Data Engineer with strong expertise in Python, PySpark, Spark, SQL, and Google Cloud Platform (GCP) to design, build, and optimize scalable data pipelines and analytics solutions. The ideal candidate will work closely with data analysts, data scientists, and business stakeholders to deliver reliable and high-performance data platforms. Key Responsibilities Design, develop, and maintain scalabl…"
Python Trainer,Anudip Foundation,"Ahmedabad, Gujarat",2026-06-06T17:32:24Z,"Company name- Anudip Foundation For Social Welfare Website- www.anudip.org Location- Ahmedabad, Ghaziabad and Bhopal Responsibilities: ● Conduct live-in person/virtual classes to train learners on Adv. Excel, Power BI, Python and adv Python libraries such as Numpy,Matplotlib, Pandas,seaborn, SciPy, SQL-MySQL, Data Analysis,basic statistical knowledge. ● Facilitate and support learners progress/journey to deliver personalized blended learning experience and achieve desired skill outcome ● Evalua…"
Lead Data Scientist,Straive,India,2026-05-24T17:56:14Z,"Job Title: Data Scientist Job Type:-Permanent Years of Experience – 7 Years About Straive: Straive is a market leading Content and Data Technology company providing data services, subject matter expertise, & technology solutions to multiple domains. Data Analytics & Al Solutions, Data Al Powered Operations and Education & Learning form the core pillars of the company’s long-term vision. The company is a specialized solutions provider to business information providers in finance, insurance, lega…"
Data Engineer,mCaffeine,"Mumbai, Maharashtra",2026-06-13T10:51:57Z,"Company overview: PEP is a dynamic personal care company that proudly houses two innovative brands – mCaffeine & Hyphen . With a passion for creating high-performance, conscious, and consumer-loved products, we are redefining the way personal care is experienced. While mCaffeine is India’s first caffeinated personal care brand, loved for its energizing and playful approach, Hyphen is built on the philosophy of simplifying skincare through science-backed formulations. Together, our brands reflec…"
Data Engineer,IntraEdge,India,2026-06-13T10:50:24Z,"Location: Remote & Hybrid Experience: 5 Years Responsibilities: Design, develop, and maintain scalable ETL/ELT pipelines using PySpark and AWS Glue. Build and optimize data models in Snowflake to support reporting, analytics, and machine learning workloads. Automate data ingestion from various sources including APIs, databases, and third-party platforms. Esure high data quality and implement data validation and monitoring processes. Collaborate with data analysts, data scientists, and other eng…"
